symbol,description,pointsize,currency,asset_class,per_block,percentage,per_trade,region,tradable
30YRCONF,ICE U.S. Conforming 30-year Fixed Mortgage Rate Lock Weighted APR,5000.0,USD,Bond,0.0,0.0,0,US,False
30YRJUMBO,ICE U.S.Jumbo 30-year Fixed Mortgage Rate Lock Weighted APR,5000.0,USD,Bond,0.0,0.0,0,US,False
AEX,Netherlands equity index AEX,200.0,EUR,Equity,2.8,0.0,0,EMEA,True
AEX_mini,AEX mini,20.0,EUR,Equity,0.55,0.0,0,EMEA,False
ALUMINIUM,NYMEX Aluminum Index,25.0,USD,Metals,3.37,0.0,0,US,True
ALUMINIUM_LME,High-Grade Primary Aluminium,25.0,USD,Metals,1.05,0.0,0,EMEA,False
AMERIBOR-1M,CBOE One-Month AMERIBOR Average Rate Index,50.0,USD,STIR,0.0,0.0,0,US,False
AMERIBOR-3M,CBOE AMERIBOR Term-90,25.0,USD,STIR,0.0,0.0,0,US,False
AMERIBOR-T30,Cboe AMERIBOR Term-30 Futures Index,25.0,USD,STIR,0.0,0.0,0,US,False
AMX,AMX INDEX,50.0,EUR,Equity,0.0,0.0,0,EMEA,False
ASX,Australian equity index ASX200,25.0,AUD,Equity,0.0,0.0,0,ASIA,False
ATX,ATX - Austrian Traded Index - DTB,10.0,EUR,Equity,0.0,0.0,0,EMEA,False
AUD,AUDUSD currency,100000.0,USD,FX,2.47,0.0,0,US,True
AUD_micro,AUDUSD micro,10000.0,USD,FX,0.41,0.0,0,US,False
AUD-ICE,AUD.USD,100000.0,USD,FX,0.0,0.0,0,US,False
AUD-SGX,SGX Australian Dollar in US Dollar Futures,25000.0,USD,FX,2.85,0.0,0,ASIA,False
AUDCAD,Australlian dollar CAD,200000.0,CAD,FX,0.0,0.0,0,US,False
AUDJPY,Australlian dollar Yen CME,200000.0,JPY,FX,329.4,0.0,0,US,True
AUDJPY-SGX,SGX Australian Dollar in Japanese Yen Futures,25000.0,JPY,FX,285.0,0.0,0,ASIA,False
AUSCASH,30 Day Interbank Cash Rate,2466.0,AUD,STIR,4.5,0.0,0,ASIA,False
BARLEY,Barley Futures (ASX),20.0,AUD,Ags,0.0,0.0,0,ASIA,False
BB3M,Three-Month Bloomberg Short-Term Bank Yield,2500.0,USD,Bond,2.12,0.0,0,US,True
BBCOMM,Bloomberg Commodity Index,100.0,USD,Ags,1.87,0.0,0,US,True
BEL20,BEL 20 Index (BFX@),10.0,EUR,Equity,4.5,0.0,0,EMEA,False
BITCOIN,Micro Bitcoin,0.1,USD,Metals,3.27,0.0,0,US,True
BITCOIN-BAKKT,Bakkt Bitcoin,1.0,USD,Metals,0.0,0.0,0,US,False
BOBL,German 5 year bond Bobl,1000.0,EUR,Bond,2.0,0.0,0,EMEA,True
BONO,ES 10 year bonds,1000.0,EUR,Bond,2.0,0.0,0,EMEA,True
BONO-MEFF,10 Year Government Bond,1000.0,EUR,Bond,0.0,0.0,0,EMEA,False
BONO10,10 Year Bond,1000.0,MXP,Bond,0.0,0.0,0,US,False
BONO3,3 Year Bond,1000.0,MXP,Bond,0.0,0.0,0,US,False
BOVESPA,Bovespa Index - USD,1.0,USD,Equity,0.85,0.0,0,US,True
BOVESPA-HK,Brazil Bovespa Stock Index HK,5.0,HKD,Equity,0.0,0.0,0,ASIA,False
BRE,BREUSD currency,100000.0,USD,FX,2.47,0.0,0,US,True
BRENT,NYMEX Brent Financial Futures Index,1000.0,USD,OilGas,0.85,0.0,0,US,False
BRENT_W,Brent crude summer,1000.0,USD,OilGas,1.05,0.0,0,EMEA,False
BRENT-LAST,Brent Crude Oil - Last Day,1000.0,USD,OilGas,2.37,0.0,0,US,True
BRR,CME CF Bitcoin Reference Rate,5.0,USD,Metals,0.0,0.0,0,US,False
BRREUR,CME CF Bitcoin-Euro Reference Rate,5.0,EUR,Metals,0.0,0.0,0,US,False
BTP,Italian 10 year bond BTP,1000.0,EUR,Bond,2.0,0.0,0,EMEA,True
BTP3,Short-Term Euro-BTP Italian Government Bond,1000.0,EUR,Bond,2.0,0.0,0,EMEA,True
BTP5,Mid-Term Euro-BTP Italian Government Bond,1000.0,EUR,Bond,0.0,0.0,0,EMEA,False
BUND,German 10 year bond Bund,1000.0,EUR,Bond,2.0,0.0,0,EMEA,True
BUTTER,CME Cash-Settled Butter Futures,200.0,USD,Ags,2.97,0.0,0,US,True
BUXL,German Buxl 15 to 30 year bond,1000.0,EUR,Bond,2.0,0.0,0,EMEA,True
CAC,French equity index CAC40,10.0,EUR,Equity,2.0,0.0,0,EMEA,True
CAD,CADUSD currency,100000.0,USD,FX,2.47,0.0,0,US,True
CAD_micro,CADUSD_micro,10000.0,USD,FX,0.41,0.0,0,US,False
CAD10,Canadian 10 year bond,1000.0,CAD,Bond,2.4,0.0,0,US,False
CAD2,Canadian 2 year bond,1000.0,CAD,Bond,2.4,0.0,0,US,False
CAD5,Canadian 5 year bond,1000.0,CAD,Bond,2.4,0.0,0,US,False
CADJPY,CAD.JPY,200000.0,JPY,FX,0.0,0.0,0,US,False
CADJPY2,CAD.JPY,200000.0,JPY,FX,0.0,0.0,0,US,False
CADSTIR,Canadian STIR Bank acceptance,2500.0,CAD,STIR,2.0,0.0,0,US,False
CAN-ENERGY,S&P TSE CAN Energy Index,200.0,CAD,Sector,0.0,0.0,0,US,False
CAN-FINANCE,S&P TSE CAN Financials Index,200.0,CAD,Sector,0.0,0.0,0,US,False
CAN-GOLD,S&P TSE CAN Gold Index,200.0,CAD,Sector,0.0,0.0,0,US,False
CAN-TECH,S&P TSE CAN Info Tech Index,500.0,CAD,Sector,0.0,0.0,0,US,False
CANNABIS_small,Small Cannabis,100.0,USD,Ags,0.0,0.0,0,US,False
CANOLA,Rapeseed (Canola) in CAD,20.0,CAD,Ags,2.4,0.0,0,US,False
CETES,91 Day Treasury Bill,1000.0,MXP,STIR,0.0,0.0,0,US,False
CH10,Swiss Federal Long-Term Bonds,1000.0,CHF,Bond,4.0,0.0,0,EMEA,True
CHEESE,Cheese,20000.0,USD,Ags,2.97,0.0,0,US,True
CHF,CHFUSD currency,125000.0,USD,FX,1.5,0.0,0,US,True
CHF_micro,CHFUSD micro,12500.0,USD,FX,0.41,0.0,0,US,False
CHFJPY,CHFJPY,250000.0,JPY,FX,329.4,0.0,0,US,True
CHFJPY-ICE,CHFJPY,250000.0,JPY,FX,85.0,0.0,0,US,False
CHINA120,CES China 120 Index,50.0,HKD,Equity,0.0,0.0,0,ASIA,False
CHINAA-CON,MSCI China A 50 Connect Index,25.0,USD,Equity,2.4,0.0,0,ASIA,False
CLP,Chilean peso,50000000.0,USD,FX,2.47,0.0,0,US,True
CNH,SGX US Dollar in offshore Chinese Renminbi (CNH),100000.0,CNH,FX,11.2,0.0,0,ASIA,True
CNH-CME,CNHUSD on CME,1000000.0,USD,FX,0.0,0.0,0,US,False
CNH-CME_micro,CHNHUSD micro CME,10000.0,CNH,FX,0.0,0.0,0,US,False
CNH-HK,CNHUSD on HK,100000.0,CNH,FX,0.0,0.0,0,ASIA,False
CNH-onshore,SGX onshore Chinese Renminbi (CNY) in US Dollar Futures (CY@SGX),500000.0,USD,FX,1.8,0.0,0,ASIA,False
CNHEUR,CNHEUR,1000000.0,EUR,FX,0.0,0.0,0,US,False
COAL,ICE Rotterdam Coal,1000.0,USD,OilGas,1.05,0.0,0,EMEA,False
COAL-GEORDIE,ICE Coals to Newcastle,1000.0,USD,OilGas,1.05,0.0,0,EMEA,False
COAL-RICH-BAY,ICE Richards Bay Coal,1000.0,USD,OilGas,0.0,0.0,0,EMEA,False
COCOA,Cocoa NY,10.0,USD,Ags,2.97,0.0,0,US,False
COCOA_LDN,Cocoa London,10.0,GBP,Ags,1.0,0.0,0,EMEA,False
COFFEE,Coffee,375.0,USD,Ags,2.97,0.0,0,US,False
COPPER,Copper,25000.0,USD,Metals,2.47,0.0,0,US,False
COPPER_LME,Grade A Copper - LME,25.0,USD,Metals,0.0,0.0,0,EMEA,False
COPPER-micro,Copper micro,2500.0,USD,Metals,1.47,0.0,0,US,True
COPPER-mini,COMEX MINY Copper,12500.0,USD,Metals,1.87,0.0,0,US,False
CORN,Corn,50.0,USD,Ags,2.97,0.0,0,US,True
CORN_mini,Corn mini,10.0,USD,Ags,1.9,0.0,0,US,False
CORN-EURO,Corn,50.0,EUR,Ags,2.0,0.0,0,US,False
CORN-JPN,Corn - Japan,50000.0,JPY,Ags,0.0,0.0,0,ASIA,False
CORRA,3 Month CORRA,2500.0,CAD,STIR,2.0,0.0,0,US,False
COTTON,NYMEX Cotton index,50000.0,USD,Ags,2.32,0.0,0,US,True
COTTON2,Cotton #2,500.0,USD,Ags,2.97,0.0,0,US,False
CRUDE_ICE,West Texas Intermediate Light Sweet Crude Oil ICE,1000.0,USD,OilGas,0.0,0.0,0,EMEA,False
CRUDE_W,Light sweet crude Winter,1000.0,USD,OilGas,2.37,0.0,0,US,True
CRUDE_W_micro,micro WTI crude oil,100.0,USD,OilGas,0.77,0.0,0,US,False
CRUDE_W_mini,Light sweet crude Winter mini,500.0,USD,OilGas,2.07,0.0,0,US,False
CRYPTO_small,Small Cryptocurrency,100.0,USD,Metals,0.0,0.0,0,US,False
CZK,Czech koruna,4000000.0,USD,FX,2.47,0.0,0,US,True
DAX,DAX 30 Index (Deutsche Aktien Xchange 30),1.0,EUR,Equity,0.4,0.0,0,EMEA,True
DIVDAX,DivDAX Price Index,200.0,EUR,Equity,2.0,0.0,0,EMEA,False
DIVDAX-DIVI,DivDAX Dividend Points Index,1000.0,EUR,Equity,2.0,0.0,0,EMEA,False
DIVDAX-DIVI2,DAX Dividend Points Index,100.0,EUR,Equity,0.0,0.0,0,EMEA,False
DJSTX-SMALL,Dow Jones STOXX Small 200 Index,50.0,EUR,Equity,2.0,0.0,0,EMEA,True
DJUBS,Dow Jones-UBS Commodity Index,250.0,EUR,Ags,0.0,0.0,0,EMEA,False
DOW,Micro E-Mini Dow Jones Industrial Average Index,0.5,USD,Equity,0.62,0.0,0,US,True
DOW_mini,Mini Sized Dow Jones Industrial Average $5,5.0,USD,Equity,2.25,0.0,0,US,False
DOW_YEN,OSE Dow Jones Industrial Average,100.0,JPY,Equity,0.0,0.0,0,ASIA,False
DX,US Dollar Index,1000.0,USD,FX,2.22,0.0,0,US,False
EDOLLAR,US STIR Eurodollar,2500.0,USD,Bond,2.11,0.0,0,US,False
EPRA-EURO,FTSE EPRA-NAREIT Euro Zone,10.0,EUR,Housing,2.0,0.0,0,EMEA,False
EPRA-EUROPE,FTSE EPRA-NAREIT Europe,10.0,EUR,Housing,2.0,0.0,0,EMEA,True
ETHANOL,Ethanol CME,29000.0,USD,OilGas,2.97,0.0,0,US,True
ETHER-micro,Ethereum micro,0.1,USD,Metals,0.32,0.0,0,US,False
ETHEREUM,CME CF Ether-Dollar Reference Rate,50.0,USD,Metals,10.0,0.0,0,US,True
ETHRREUR,CME CF Ether-Euro Reference Rate,50.0,EUR,Metals,0.0,0.0,0,US,False
EU-AUTO,Dow Jones STOXX 600 Automobiles & Parts,50.0,EUR,Sector,2.0,0.0,0,EMEA,True
EU-BANKS,Dow Jones Euro STOXX Banks Index,50.0,EUR,Sector,2.0,0.0,0,EMEA,True
EU-BANKS-DIVI,EURO STOXX Banks Index Dividend Futures,500.0,EUR,Sector,2.0,0.0,0,EMEA,False
EU-BANKS2,Dow Jones STOXX 600 Banks,50.0,EUR,Equity,0.0,0.0,0,EMEA,False
EU-BASIC,Dow Jones STOXX 600 Basic Resources Index,50.0,EUR,Sector,2.0,0.0,0,EMEA,True
EU-CHEM,Dow Jones STOXX 600 Chemicals,50.0,EUR,Sector,2.0,0.0,0,EMEA,True
EU-CONSTRUCTION,Dow Jones STOXX 600 Construction & Materials,50.0,EUR,Sector,2.0,0.0,0,EMEA,True
EU-DIV30,Dow Jones Euro STOXX Select Dividend 30 Index,10.0,EUR,Equity,2.0,0.0,0,EMEA,True
EU-DIV30-DVP,Euro Stoxx Select Dividend 30 DVP,100.0,EUR,Equity,0.0,0.0,0,EMEA,False
EU-DIV50,Dow Jones EURO STOXX 50 Index-Dividenden,100.0,EUR,Equity,2.0,0.0,0,EMEA,False
EU-DJ-AUTO,Dow Jones Euro STOXX 600 Automobile & Parts,50.0,EUR,Sector,0.0,0.0,0,EMEA,False
EU-DJ-BASIC,Dow Jones Euro STOXX Basic Resources,50.0,EUR,Sector,0.0,0.0,0,EMEA,False
EU-DJ-CHEM,Dow Jones Euro STOXX Chemicals,50.0,EUR,Sector,2.0,0.0,0,EMEA,False
EU-DJ-CONSTRUCTION,Dow Jones Euro STOXX Construction,50.0,EUR,Sector,0.0,0.0,0,EMEA,False
EU-DJ-FINANCE,Dow Jones Euro STOXX Financial Services Index,50.0,EUR,Sector,2.0,0.0,0,EMEA,False
EU-DJ-FOOD,Dow Jones Euro STOXX Food&Beverages,50.0,EUR,Sector,2.0,0.0,0,EMEA,False
EU-DJ-HEALTH,Dow Jones Euro STOXX Healthcare,50.0,EUR,Sector,2.0,0.0,0,EMEA,False
EU-DJ-HOUSE,Dow Jones Euro STOXX Personal & Household Goods,50.0,EUR,Sector,0.0,0.0,0,EMEA,False
EU-DJ-INDUSTRY,Dow Jones Euro STOXX Industrial Goods&Services,50.0,EUR,Sector,2.0,0.0,0,EMEA,False
EU-DJ-INDUSTRY2,Dow Jones STOXX 600 Industrial Goods & Services Index,50.0,EUR,Equity,0.0,0.0,0,EMEA,False
EU-DJ-INSURE,Dow Jones Euro STOXX Insurance,50.0,EUR,Sector,2.0,0.0,0,EMEA,False
EU-DJ-MEDIA,Dow Jones Euro STOXX Media Index,50.0,EUR,Sector,2.0,0.0,0,EMEA,False
EU-DJ-OIL,Dow Jones Euro STOXX Oil & Gas,50.0,EUR,Sector,2.0,0.0,0,EMEA,False
EU-DJ-RETAIL,Dow Jones Euro STOXX Retail,50.0,EUR,Sector,2.0,0.0,0,EMEA,False
EU-DJ-TECH,Dow Jones Euro STOXX Technology,50.0,EUR,Sector,2.0,0.0,0,EMEA,False
EU-DJ-TELECOM,Dow Jones Euro STOXX Telecommunications,50.0,EUR,Sector,2.0,0.0,0,EMEA,True
EU-DJ-TRAVEL,Dow Jones Euro STOXX Travel & Leisure,50.0,EUR,Sector,0.0,0.0,0,EMEA,False
EU-DJ-UTIL,Dow Jones Euro STOXX Utilities Index,50.0,EUR,Sector,2.0,0.0,0,EMEA,True
EU-ESG,STOXX Europe ESG Leaders Select 30,100.0,EUR,Equity,0.0,0.0,0,EMEA,False
EU-FINANCE,Dow Jones STOXX 600 Financial Services Index,50.0,EUR,Sector,2.0,0.0,0,EMEA,False
EU-FOOD,Dow Jones STOXX 600 Food & Beverage Index,50.0,EUR,Sector,2.0,0.0,0,EMEA,True
EU-HEALTH,Dow Jones STOXX 600 Healthcare,50.0,EUR,Sector,2.0,0.0,0,EMEA,True
EU-HOUSE,Dow Jones STOXX 600 Personal & Household Goods,50.0,EUR,Sector,2.0,0.0,0,EMEA,True
EU-INSURE,Dow Jones STOXX 600 Insurance,50.0,EUR,Sector,2.0,0.0,0,EMEA,True
EU-MEDIA,Dow Jones STOXX 600 Media,50.0,EUR,Sector,2.0,0.0,0,EMEA,True
EU-MID,Dow Jones STOXX MID 200 Index,50.0,EUR,Sector,2.0,0.0,0,EMEA,True
EU-OIL,Dow Jones STOXX 600 Oil & Gas,50.0,EUR,Sector,2.0,0.0,0,EMEA,True
EU-REALESTATE,Dow Jones STOXX 600 Real Estate,50.0,EUR,Sector,2.0,0.0,0,EMEA,True
EU-RETAIL,Dow Jones STOXX 600 Retail,50.0,EUR,Sector,2.0,0.0,0,EMEA,True
EU-TECH,Dow Jones STOXX 600 Technology,50.0,EUR,Sector,2.0,0.0,0,EMEA,True
EU-TELECOM,Dow Jones STOXX 600 Telecommunications,50.0,EUR,Sector,0.0,0.0,0,EMEA,False
EU-TRAVEL,Dow Jones STOXX 600 Travel & Leisure,50.0,EUR,Sector,2.0,0.0,0,EMEA,True
EU-UTILS,Dow Jones STOXX 600 Utilities,50.0,EUR,Sector,2.0,0.0,0,EMEA,False
EUA,ECX EU carbon emissions allowance futures,1000.0,EUR,OilGas,3.0,0.0,0,EMEA,False
EUIRS10,10 year euro swapnote,1000.0,EUR,Bond,0.0,0.0,0,EMEA,False
EUIRS2,2 Year euro swapnote,1000.0,EUR,Bond,0.0,0.0,0,EMEA,False
EUIRS5,5 year euro swapnote,1000.0,EUR,Bond,0.0,0.0,0,EMEA,False
EUR,EURUSD currency,125000.0,USD,FX,2.47,0.0,0,US,False
EUR_micro,EURUSD micro,12500.0,USD,FX,0.41,0.0,0,US,True
EUR_mini,EURUSD mini,62500.0,USD,FX,1.37,0.0,0,US,False
EUR-ICE,EUR.USD,125000.0,USD,FX,0.0,0.0,0,US,False
EURAUD,EURAUD,125000.0,AUD,FX,3.430058,0.0,0,US,True
EURAUD-ICE,EUR.AUD,125000.0,AUD,FX,0.0,0.0,0,US,False
EURCAD,EURCAD,125000.0,CAD,FX,3.047854,0.0,0,US,True
EURCAD-ICE,EUR.CAD,125000.0,CAD,FX,0.0,0.0,0,US,False
EURCHF,Euro/chf,125000.0,CHF,FX,2.3886734,0.0,0,US,True
EURCHF-ICE,Euro/chf,125000.0,CHF,FX,0.0,0.0,0,US,False
EURCZK,CZK.EUR,4000000.0,EUR,FX,0.0,0.0,0,US,False
EURHUF,HUF.EUR,30000000.0,EUR,FX,0.0,0.0,0,US,False
EURIBOR,Three Month EURIBOR,2500.0,EUR,Bond,2.0,0.0,0,EMEA,True
EURIBOR-ICE,3 Month EURIBOR Interest Rate,2500.0,EUR,Bond,0.0,0.0,0,EMEA,False
EURINR,EURINR,1000.0,INR,FX,0.0,0.0,0,ASIA,False
EURMXP,EURMXP,10000.0,MXP,FX,0.0,0.0,0,US,False
EURO600,Dow Jones STOXX 600 Index,50.0,EUR,Equity,2.0,0.0,0,EMEA,True
EURO600-ESG,STOXX Europe 600 ESG-X,100.0,EUR,Equity,0.0,0.0,0,EMEA,False
EUROFIRST100,FTSEurofirst 80 NEW,10.0,EUR,Equity,0.0,0.0,0,EMEA,False
EUROFIRST80,FTSEurofirst 80 NEW,10.0,EUR,Equity,0.0,0.0,0,EMEA,False
EUROSTX,European equity index EUROSTOXX50,10.0,EUR,Equity,2.0,0.0,0,EMEA,True
EUROSTX-CORE,ISHARES CORE EURO STOXX 50,100.0,EUR,Equity,0.0,0.0,0,EMEA,False
EUROSTX-DJ,Dow Jones STOXX50,10.0,EUR,Equity,0.0,0.0,0,EMEA,False
EUROSTX-LARGE,Euro Stoxx Large,50.0,EUR,Equity,2.0,0.0,0,EMEA,True
EUROSTX-MID,Euro Stoxx Mid,50.0,EUR,Equity,2.0,0.0,0,EMEA,False
EUROSTX-PRICE,Dow Jones Euro STOXX Price Index,50.0,EUR,Equity,2.0,0.0,0,EMEA,False
EUROSTX-SMALL,Euro Stoxx Small,50.0,EUR,Equity,2.0,0.0,0,EMEA,True
EUROSTX200-LARGE,Dow Jones STOXX Large 200 Index,50.0,EUR,Sector,2.0,0.0,0,EMEA,True
FANG,NYSE FANG index,5.0,USD,Equity,0.99,0.0,0,US,False
FED,30 Day Fed Funds,4167.0,USD,Bond,1.83,0.0,0,US,True
FEEDCOW,Feeder cattle,500.0,USD,Ags,2.97,0.0,0,US,True
FTSE100,FTSE100 Index,10.0,GBP,Equity,1.7,0.0,0,EMEA,False
FTSE100-DIV,FTSE 100 Dividend Index,10.0,GBP,Equity,0.0,0.0,0,EMEA,False
FTSE250,FTSE 250,2.0,GBP,Equity,0.0,0.0,0,EMEA,False
FTSEAFRICA40,FTSE-JSE Africa Top40 Index,10.0,HKD,Equity,0.0,0.0,0,ASIA,False
FTSECHINAA,FTSE/Xinhua China A50,1.0,USD,Equity,2.85,0.0,0,ASIA,True
FTSECHINAA-CSOP,CSOP FTSE CHINA A50 ETF-HKD,5000.0,HKD,Equity,0.0,0.0,0,ASIA,False
FTSECHINAA-IS,ISHARES FTSE CHINA A50 E-HKD,5000.0,HKD,Equity,0.0,0.0,0,ASIA,False
FTSECHINAH,FTSE China H50,2.0,USD,Equity,1.3,0.0,0,ASIA,True
FTSEINDO,FTSE Indonesia Index,5.0,USD,Equity,1.25,0.0,0,ASIA,True
FTSETAIWAN,FTSE Taiwan RIC Capped Price Return TWD Index,40.0,USD,Equity,1.25,0.0,0,ASIA,True
FTSEVIET,FTSE Vietnam 30 Price Return Index,5.0,USD,Equity,2.85,0.0,0,ASIA,True
GAS_NL,Dutch TTF Natural Gas Futures,1.0,EUR,OilGas,0.0,0.0,0,EMEA,False
GAS_UK,Natural gas UK,31000.0,GBP,OilGas,0.0,0.0,0,EMEA,False
GAS_US,Natural gas US,10000.0,USD,OilGas,2.47,0.0,0,US,False
GAS_US_mini,Natural gas US mini,2500.0,USD,OilGas,1.37,0.0,0,US,True
GAS-LAST,Natural Gas Last Day Financial Futures Index,10000.0,USD,OilGas,2.47,0.0,0,US,True
GAS-PEN,Natural Gas Penultimate Financial Futures Index,10000.0,USD,OilGas,2.47,0.0,0,US,True
GASOIL,ICE-EU Low Sulphur Gasoil,100.0,USD,OilGas,1.7,0.0,0,EMEA,False
GASOILINE,RBOB Gasoline US,42000.0,USD,OilGas,2.37,0.0,0,US,True
GASOILINE_ICE,ICE NYH RBOB Gasoline,42000.0,USD,OilGas,0.0,0.0,0,EMEA,False
GASOILINE_micro,NYMEX micro Gasoline RBOB Index,4200.0,USD,OilGas,0.87,0.0,0,US,False
GBP,GBPUSD currency,62500.0,USD,FX,2.47,0.0,0,US,True
GBP_micro,GBPUSD_micro,6250.0,USD,FX,0.41,0.0,0,US,False
GBP-ICE,GBP.USD,62500.0,USD,FX,0.0,0.0,0,US,False
GBPCHF,GBPCHF,125000.0,CHF,FX,2.3886734,0.0,0,US,True
GBPCHF-ICE,GBP.CHF,125000.0,CHF,FX,0.0,0.0,0,US,False
GBPEUR,GBPEUR currency,125000.0,GBP,FX,1.8734172,0.0,0,US,True
GBPEUR-ICE,GBP,125000.0,GBP,FX,0.0,0.0,0,US,False
GBPINR,GBPINR,1000.0,INR,FX,0.0,0.0,0,ASIA,False
GBPJPY,GBPJPY,125000.0,JPY,FX,329.4,0.0,0,US,True
GBPJPY-ICE,GBP.JPY,125000.0,JPY,FX,0.0,0.0,0,US,False
GICS,S&P-GSCI Index,250.0,USD,Ags,3.27,0.0,0,US,True
GICS-EXCESS,S&P GSCI Excess Return Index,100.0,USD,CommodityIndex,0.0,0.0,0,US,False
GILT,UK 10 year bonds Long Gilt,1000.0,GBP,Bond,0.0,0.0,0,EMEA,False
GILT2,Short gilt,1000.0,GBP,Bond,0.0,0.0,0,EMEA,False
GILT5,Medium gilt,1000.0,GBP,Bond,0.0,0.0,0,EMEA,False
GOLD,Gold,100.0,USD,Metals,2.47,0.0,0,US,False
GOLD_micro,Gold micro,10.0,USD,Metals,0.77,0.0,0,US,True
GOLD-CHINA,Shanghai Gold Exchange Gold Benchmark PM Price Index - CNH Futures,1000.0,CNH,Metals,0.85,0.0,0,US,False
GOLD-CHINA-USD,Shanghai Gold Exchange Gold Benchmark PM Price Index - USD Futures,32.15,USD,Metals,0.0,0.0,0,US,False
GOLD-CN-HK,CNH Gold Futures in HK,1000.0,CNH,Metals,0.0,0.0,0,ASIA,False
GOLD-HK,USD Gold futures in HK,1000.0,USD,Metals,0.0,0.0,0,ASIA,False
GOLD-JPN,Gold (Standard) - Japan,1000.0,JPY,Metals,0.0,0.0,0,ASIA,False
GOLD-JPN_mini,Gold (Mini) - Japan,100.0,JPY,Metals,0.0,0.0,0,ASIA,False
GOLD-mini,Gold mini,50.0,USD,Metals,1.87,0.0,0,US,False
HANG,Hong Kong equity index Hang Seng,50.0,HKD,Equity,30.0,0.0,0,ASIA,False
HANG_mini,Hong Kong equity index Hang Seng mini,10.0,HKD,Equity,17.0,0.0,0,ASIA,False
HANG-DIV,HSI Dividend Point Index,50.0,HKD,Equity,0.0,0.0,0,ASIA,False
HANGTECH,Hang Seng TECH Index,50.0,HKD,Equity,20.0,0.0,0,ASIA,False
HANGENT,Hang Seng China Enterprise Index,50.0,HKD,Equity,20.0,0.0,0,ASIA,False
HANGENT_mini,Hang Seng China Enterprise Index mini,10.0,HKD,Equity,20.0,0.0,0,ASIA,False
HANGENT-GTR,Hang Seng China Enterprises Gross Total Return Index,50.0,HKD,Equity,0.0,0.0,0,ASIA,False
HANGENT-NTR,Hang Seng China Enterprises Net Total Return Index,50.0,HKD,Equity,0.0,0.0,0,ASIA,False
HEAT-DEG-AMS,Amsterdam Schiphol Heating Degree Day Index,20.0,GBP,Weather,0.0,0.0,0,US,False
HEAT-DEG-LON,London Heating Degree Day Index,20.0,GBP,Weather,0.0,0.0,0,US,False
HEAT-DEG-NY,New York Heating Day Degree Index,20.0,USD,Weather,0.0,0.0,0,US,False
HEATOIL,Heating oil,42000.0,USD,OilGas,2.37,0.0,0,US,True
HEATOIL_micro,Micro NY Harbor ULSD,4200.0,USD,OilGas,0.0,0.0,0,US,False
HEATOIL-ICE,ICE HEATING OIL,42000.0,USD,OilGas,0.0,0.0,0,EMEA,False
HEATOIL-mini,NYMEX MINY Heating Oil Index,21000.0,USD,OilGas,0.85,0.0,0,US,False
HIBOR,3 Month HIBOR Interest Rate,5000000.0,HKD,STIR,0.0,0.0,0,ASIA,False
HIGHYIELD,iBoxx iShares $ High Yield Corporate Bond Index TR,1000.0,USD,Bond,1.91,0.0,0,US,False
HOUSE-BO,Boston Housing Index,250.0,USD,Housing,0.85,0.0,0,US,False
HOUSE-CG,Chicago Housing Index,250.0,USD,Housing,0.85,0.0,0,US,False
HOUSE-DC,Washington DC Housing Index,250.0,USD,Housing,0.0,0.0,0,US,False
HOUSE-DN,Denver Housing Index,250.0,USD,Housing,0.85,0.0,0,US,False
HOUSE-LA,Los Angeles Housing Index,250.0,USD,Housing,0.85,0.0,0,US,False
HOUSE-LV,Las Vegas Housing Index,250.0,USD,Housing,0.85,0.0,0,US,False
HOUSE-MI,Miami Housing Index,250.0,USD,Housing,0.85,0.0,0,US,False
HOUSE-NY,New York Housing Index,250.0,USD,Housing,0.85,0.0,0,US,False
HOUSE-SD,San Diego Housing Index,250.0,USD,Housing,0.85,0.0,0,US,False
HOUSE-SF,San Francisco Housing Index,250.0,USD,Housing,0.85,0.0,0,US,False
HOUSE-US,Housing Index Composite,250.0,USD,Housing,2.25,0.0,0,US,True
HSCEI-DIV,HSCEI Dividend Point Index,50.0,HKD,Equity,0.0,0.0,0,ASIA,False
HUF,Hungarian forint,30000000.0,USD,FX,0.85,0.0,0,US,False
HUFEUR,HUFEUR,30000000.0,EUR,FX,0.0,0.0,0,US,False
IBEX_mini,IBEX 35 mini,1.0,EUR,Equity,0.9,0.0,0,EMEA,False
IBEX,Spanish equity index IBEX,10.0,EUR,Equity,3.0,0.0,0,EMEA,False
IG,iBoxx iShares $ Investment Grade Corporate Bond Index TR,1000.0,USD,Bond,1.91,0.0,0,US,False
IND-BANK,Nifty Bank,1.0,INR,Equity,0.0,0.0,0,ASIA,False
IND-FIN,NSE Nifty Financial Services Index Futures,1.0,INR,Equity,0.0,0.0,0,ASIA,False
INR,Indian Rupee,500.0,USD,FX,2.47,0.0,0,US,True
INR-micro,Indian Rupee,100.0,USD,FX,0.85,0.0,0,US,False
INR-SGX,SGX Indian Rupee in US Dollar Futures,200.0,USD,FX,4.5,0.0,0,ASIA,False
INR-SGX1,SGX USD-INR (USD) Futures,1000.0,USD,FX,0.0,0.0,0,ASIA,False
INR-SGX2,SGX USD/INR (USD) Month-end,1000.0,USD,FX,0.0,0.0,0,ASIA,False
IPC,Mexico Bolsa (IPC) Index,2.0,MXP,Equity,0.0,0.0,0,US,False
IRON,SGX TSI Iron Ore Futures,100.0,USD,Metals,3.25,0.0,0,ASIA,True
IRON-CME,Iron Ore 62% Fe CFR China (TSI) Futures,500.0,USD,Metals,0.0,0.0,0,US,False
IRON-HK,TSI Iron Ore Fines 62% Fe CFR China Index (HKFE),100.0,USD,Metals,0.0,0.0,0,ASIA,False
IRS,Israeli shekel,1000000.0,USD,FX,2.47,0.0,0,US,True
JGB,Standardized 6% 10-Year Japanese Government Bond,1000000.0,JPY,Bond,500.0,0.0,0,ASIA,False
JGB-mini,Mini 10 Year JGB,100000.0,JPY,Bond,85.0,0.0,0,ASIA,False
JGB-SGX-mini,SGX Mini JGB Index,100000.0,JPY,Bond,85.0,0.0,0,ASIA,True
JP-REALESTATE,TSE REIT Index,1000.0,JPY,Sector,50.0,0.0,0,ASIA,True
JPY,JPYUSD currency,12500000.0,USD,FX,2.47,0.0,0,US,True
JPY_micro,USD.JPY,10000.0,JPY,FX,0.0,0.0,0,US,False
JPY_mini,JPYUSD mini,6250000.0,USD,FX,1.37,0.0,0,US,False
JPY-SGX,SGX US Dollar in Japanese Yen Futures (Standard),100000.0,JPY,FX,300.0,0.0,0,ASIA,False
JPY-SGX-TITAN,SGX US Dollar in Japanese Yen Futures (Titan),500000.0,JPY,FX,360.0,0.0,0,ASIA,False
JPYINR,JPYINR,100000.0,INR,FX,0.0,0.0,0,ASIA,False
KOSDAQ,KOSDAQ 150 Index,10000.0,KRW,Equity,2000.0,0.0,0,ASIA,True
KOSPI,Korean equity index KOSPI,250000.0,KRW,Equity,0.0,0.0004,0,ASIA,False
KOSPI_mini,KOSPI mini,50000.0,KRW,Equity,8500.0,0.0,0,ASIA,True
KOSPI300,KOSPI300 Index,50000.0,KRW,Equity,0.0,0.0,0,ASIA,False
KR10,Korean 10 year bond,1000000.0,KRW,Bond,0.0,4e-05,0,ASIA,True
KR3,Korean 3 year bond,1000000.0,KRW,Bond,0.0,4e-05,0,ASIA,True
KRW,KRWUSD SGX,125000.0,USD,FX,4.5,0.0,0,ASIA,False
KRWJPY,SGX Korean Won in Japanese Yen Futures,25000000.0,JPY,FX,285.0,0.0,0,ASIA,False
KRWUSD,Korean Won,125000000.0,USD,FX,2.47,0.0,0,US,False
KRWUSD_mini,SGX Korean Won in US Dollar Futures (Mini),25000.0,USD,FX,2.85,0.0,0,ASIA,True
LEAD_LME,Lead - LME,25.0,USD,Metals,0.0,0.0,0,EMEA,False
LEANHOG,Lean hogs,400.0,USD,Ags,2.97,0.0,0,US,True
LIBOR1,1 Month LIBOR (Int. Rate),2500.0,USD,Bond,0.85,0.0,0,US,False
LIVECOW,Live cattle,400.0,USD,Ags,2.97,0.0,0,US,True
LUMBER,Random Length Lumber,110.0,USD,Ags,3.0,0.0,0,US,False
LUMBER-new,Random Length Lumber - mini,27.5,USD,Ags,2.37,0.0,0,US,True
MARS-ARGUS,Mars (Argus) vs. WTI Trade Month Futures,1000.0,USD,OilGas,0.0,0.0,0,US,False
MIB,FTSE MIB INDEX,5.0,EUR,Equity,3.0,0.0,0,EMEA,False
MIB_micro,FTSE MIB INDEX Micro,0.2,EUR,Equity,0.0,0.0,0,EMEA,False
MIB_mini,FTSE MIB INDEX Mini,1.0,EUR,Equity,0.0,0.0,0,EMEA,False
MIB-DIVI,FTSE MIB Dividend Index,5.0,EUR,Equity,0.0,0.0,0,EMEA,False
MID-DAX,Midcap DAX,1.0,EUR,Equity,2.0,0.0,0,EMEA,False
MILK,Milk class III,2000.0,USD,Ags,2.97,0.0,0,US,True
MILKDRY,NON FAT DRY MILK INDEX,440.0,USD,Ags,2.97,0.0,0,US,True
MILKWET,Class IV Milk - 200k lbs,2000.0,USD,Ags,2.97,0.0,0,US,True
MILLWHEAT,Milling Wheat Futures,50.0,EUR,Ags,2.0,0.0,0,EMEA,False
MSCIASIA,MSCI Emerging Markets Asia,100.0,USD,Equity,2.4,0.0,0,EMEA,True
MSCIASIAEXJP,The MSCI All Countries Asia ex Japan Net Total Return,100.0,USD,Equity,0.0,0.0,0,EMEA,False
MSCIBRAZIL,The MSCI Brazil Net Total Return,100.0,USD,Equity,0.0,0.0,0,EMEA,False
MSCICHINA,MSCI China Free Net Total Return (USD) Index,50.0,USD,Equity,0.0,0.0,0,EMEA,False
MSCICHINANET,MSCI China Free Net Total Return (USD) Index (HKFE),50.0,USD,Equity,0.0,0.0,0,ASIA,False
MSCIEAFA,MSCI EAFA Index,50.0,USD,Equity,2.07,0.0,0,US,False
MSCIEAFA-TOT,MSCI EAFE Net Total Return Index,20.0,USD,Equity,0.0,0.0,0,US,False
MSCIEM,MSCI EM Net Total Return Index,100.0,USD,Equity,0.0,0.0,0,EMEA,False
MSCIEM-LIFFE,MSCI EMERGING MARKETS INDEX (CBOE),50.0,USD,Equity,0.0,0.0,0,US,False
MSCIEMASIA,MSCI Emerging Markets Asia Net Total Return,100.0,USD,Equity,2.07,0.0,0,US,False
MSCIEURONET,MSCI Europe Net Return EUR Index,100.0,EUR,Equity,0.0,0.0,0,EMEA,False
MSCIEURONET-ICE,The MSCI Europe Financials Net Total Return,100.0,EUR,Equity,0.0,0.0,0,EMEA,False
MSCIEUROPE,MSCI Europe NTR,100.0,USD,Equity,0.0,0.0,0,EMEA,False
MSCIEUROPE-ICE,The MSCI Europe Net Total Return,10.0,USD,Equity,0.0,0.0,0,EMEA,False
MSCIEUROPE-LIFFE,MSCI Europe NTR,10.0,USD,Equity,0.0,0.0,0,US,False
MSCIINDO,MSCI Indonesia Index (USD) - HKFE,2.0,USD,Equity,0.0,0.0,0,ASIA,False
MSCIJAPAN,MSCI JAPAN INDEX - USD,10.0,USD,Equity,0.0,0.0,0,EMEA,False
MSCIJAPAN-LIFFE,The MSCI Japan NTR,10.0,USD,Equity,0.0,0.0,0,US,False
MSCILATIN,MSCI Emerging Latin America Index,20.0,USD,Equity,0.0,0.0,0,US,False
MSCIPACIFIC,The MSCI Pacific ex Japan Net Total Return,10.0,USD,Equity,0.0,0.0,0,EMEA,False
MSCIPANEURO-LIFFE,MSCI Pan-Euro Index,20.0,EUR,Equity,0.0,0.0,0,US,False
MSCIRUSSIA,MSCI Russia Index,10.0,USD,Equity,2.0,0.0,0,EMEA,False
MSCISING,MSCI Singapore Free Index,100.0,SGD,Equity,4.0,0.0,0,ASIA,True
MSCITAIWAN,MSCI Taiwan (USD) Index - HKFE,100.0,USD,Equity,2.4,0.0,0,ASIA,False
MSCIUSA,MSCI USA index,50.0,USD,Equity,0.0,0.0,0,US,False
MSCIWORLD,MSCI World Index,10.0,USD,Equity,2.4,0.0,0,EMEA,True
MSCIWORLD-MINVOL,The MSCI World Minimum Volatility Net Total Return,10.0,USD,Equity,0.0,0.0,0,EMEA,False
MSCIWORLDNET-EUR,MSCI World Net EUR Index 1,100.0,EUR,Equity,0.0,0.0,0,EMEA,False
MSCIWORLDNET-ICE,The MSCI World Net Total Return,10.0,USD,Equity,0.0,0.0,0,EMEA,False
MSCIWORLDNET-USD,MSCI World NETR USD Index,10.0,USD,Equity,0.0,0.0,0,EMEA,False
MUMMY,TSE Mothers Index,1000.0,JPY,Equity,50.0,0.0,0,ASIA,True
MXP,MEXUSD currency,500000.0,USD,FX,2.47,0.0,0,US,True
NASBIO-mini,CME E-Mini NASDAQ Biotechnology,50.0,USD,Sector,0.85,0.0,0,US,False
NASDAQ,US equity index Nasdaq,20.0,USD,Equity,2.2,0.0,0,US,False
NASDAQ_micro,NASDAQ micro,2.0,USD,Equity,0.62,0.0,0,US,True
NASDAQ_mini,E-mini NASDAQ Composite,20.0,USD,Equity,0.0,0.0,0,US,False
NICKEL_LME,Nickel - LME,6.0,USD,Metals,0.0,0.0,0,EMEA,False
NIFTY,CNX Nifty Index,2.0,USD,Equity,2.85,0.0,0,ASIA,False
NIFTY-IN,Nifty 50 india,1.0,INR,Equity,0.0,0.0,0,ASIA,False
NIKKEI,Nikkei 225 Mini,100.0,JPY,Equity,40.0,0.0,0,ASIA,True
NIKKEI_large,Nikkei 225 full size,1000.0,JPY,Equity,0.0,0.0,0,ASIA,False
NIKKEI-CME,Dollar Denominated Nikkei 225 Index,5.0,USD,Equity,0.0,0.0,0,US,False
NIKKEI-JPY,Yen Denominated Nikkei 225 Index,500.0,JPY,Equity,0.85,0.0,0,US,False
NIKKEI-JPY_mini,E-mini Yen Denominated Nikkei 225 Index,100.0,JPY,Equity,0.0,0.0,0,US,False
NIKKEI-SGX,SGX: Nikkei 225,500.0,JPY,Equity,0.0,0.0,0,ASIA,False
NIKKEI-SGX_mini,SGX: NIKKEI 225 Mini,100.0,JPY,Equity,0.0,0.0,0,ASIA,False
NIKKEI-SGX-DIV,Nikkei Stock Average Dividend Point Index,10000.0,JPY,Equity,0.0,0.0,0,ASIA,False
NIKKEI-SGX-USD,SGX: USD Nikkei 225 Index,5.0,USD,Equity,0.0,0.0,0,ASIA,False
NIKKEI400,JPX-Nikkei Index 400,100.0,JPY,Equity,50.0,0.0,0,ASIA,True
NOK,NOKUSD currency,2000000.0,USD,FX,2.47,0.0,0,US,True
NZD,NZDUSD currency,100000.0,USD,FX,2.47,0.0,0,US,True
OAT,French 10 year bond OAT,1000.0,EUR,Bond,2.0,0.0,0,EMEA,True
OAT5,Mid-Term Euro-OAT,1000.0,EUR,Bond,0.0,0.0,0,EMEA,False
OATIES,Oat Futures,50.0,USD,Ags,2.97,0.0,0,US,True
OJ,Orange Juice (FCOJ-A),150.0,USD,Ags,2.97,0.0,0,US,False
OMX,OMX Helsinki 25 Index,10.0,EUR,Equity,2.0,0.0,0,EMEA,True
OMX-SWE,OMX Index [Sweden],100.0,SEK,Equity,0.0,0.0,0,EMEA,False
OMXESG,OMXS30 ESG Responsible Index,100.0,SEK,Equity,0.0,0.0,0,EMEA,False
OMXSB,OMXSB Share Index,100.0,SEK,Equity,0.0,0.0,0,EMEA,False
PALLAD,Palladium,100.0,USD,Metals,2.31,0.0,0,US,True
PIPELINE,Gulf Coast ULSD (Platts) Up-Down Futures,42000.0,USD,OilGas,0.85,0.0,0,US,False
PLAT,Platinum,50.0,USD,Metals,2.47,0.0,0,US,True
PLAT-JPN,Platinum (Standard) - Japan,500.0,JPY,Metals,0.0,0.0,0,ASIA,False
PLAT-JPN_mini,Platinum (Mini) - Japan,100.0,JPY,Metals,0.0,0.0,0,ASIA,False
PLN,Polish zloty,500000.0,USD,FX,2.47,0.0,0,US,True
PLZEUR,Polish zloty EURO,500000.0,EUR,FX,0.85,0.0,0,US,False
PRECIOUS_small,Small precious metals,100.0,USD,Metals,0.0,0.0,0,US,False
R1000,E-Mini Russell 1000 Value Index Futures,50.0,USD,Equity,2.2,0.0,0,US,True
R1000_mini,E-mini Russell 1000 Index Futures,50.0,USD,Equity,0.85,0.0,0,US,False
R1000GROWTH-mini,E-mini Russell 1000 Growth Index Futures,50.0,USD,Equity,0.85,0.0,0,US,False
RAPESEED,European Rapeseed Future,50.0,EUR,Ags,2.0,0.0,0,EMEA,False
REDWHEAT,Hard Red Winter Wheat -KCBOT-,50.0,USD,Ags,2.97,0.0,0,US,True
RICE,Rough Rice,2000.0,USD,Ags,2.97,0.0,0,US,True
ROBUSTA,Robusta Coffee,10.0,USD,Ags,3.0,0.0,0,EMEA,False
RUBBER,TSR 20 Rubber,50.0,USD,Other,2.85,0.0,0,ASIA,True
RUBBER-RSS,Ribbed Smoked Sheet (RSS) No.3 Rubber,5000.0,JPY,Other,0.0,0.0,0,ASIA,False
RUR,RURUSD currency,2500000.0,USD,FX,2.47,0.0,0,US,True
RUSSELL,Micro E-Mini Russell 2000 Index,5.0,USD,Equity,0.62,0.0,0,US,True
RUSSELL_mini,E-Mini Russell 2000 Index,50.0,USD,Equity,2.2,0.0,0,US,False
RUSSELL-GROWTH,Russell 2000 Growth Index,50.0,USD,Equity,0.0,0.0,0,US,False
RUSSELL-VALUE,Russell 2000 Value Index,50.0,USD,Equity,0.0,0.0,0,US,False
SARONA,Three Month SaronA,2500.0,CHF,Bond,0.0,0.0,0,EMEA,False
SEK,SEKUSD currency,2000000.0,USD,FX,2.47,0.0,0,US,True
SGD,SGX US Dollar in Singapore Dollar Futures (Full-Sized),100000.0,SGD,FX,3.5,0.0,0,ASIA,True
SGD_mini,SGX US Dollar in Singapore Dollar (Mini) Futures,25000.0,SGD,FX,3.25,0.0,0,ASIA,False
SGX,SGX Straits Times Index,10.0,SGD,Equity,5.0,0.0,0,ASIA,True
SHATZ,German 2 year bond Schatz,1000.0,EUR,Bond,2.0,0.0,0,EMEA,True
SILVER,NYMEX Silver Index,1000.0,USD,Metals,1.27,0.0,0,US,True
SILVER-mini,COMEX MINY Silver,2500.0,USD,Metals,0.85,0.0,0,US,False
SING-REALESTATE,SGX iEdge S-REIT Leaders Index,25.0,SGD,Equity,0.0,0.0,0,ASIA,False
SMALL75,Small stocks 75,100.0,USD,Equity,0.0,0.0,0,US,False
SMI,Swiss equity index SMI,10.0,CHF,Equity,4.0,0.0,0,EMEA,True
SMI-DIV,SMI Dividend Points Index,100.0,CHF,Equity,0.0,0.0,0,EMEA,False
SMI-MID,Swiss Mid-cap Index,10.0,CHF,Equity,4.0,0.0,0,EMEA,True
SMIETF,ISHARES SMI ETF CH,100.0,CHF,Equity,0.0,0.0,0,EMEA,False
SOFR,Secured Overnight Financing Rate 3-month average of rates,2500.0,USD,Bond,2.12,0.0,0,US,True
SOFR1,Secured Overnight Financing Rate 1-month average of rates,4167.0,USD,Bond,1.5,0.0,0,US,False
SONIA,Sterling Overnight Index Average,2500.0,GBP,STIR,0.0,0.0,0,US,False
SONIA1,One Month SONIA,2500.0,GBP,Bond,0.0,0.0,0,EMEA,False
SONIA3,Three Month SONIA,2500.0,GBP,Bond,0.0,0.0,0,EMEA,False
SOYBEAN,Soybean,50.0,USD,Ags,2.97,0.0,0,US,False
SOYBEAN_mini,Soybean mini,10.0,USD,Ags,1.9,0.0,0,US,True
SOYMEAL,Soybean Meal,100.0,USD,Ags,2.97,0.0,0,US,True
SOYOIL,Soybean oil,600.0,USD,Ags,2.97,0.0,0,US,True
SP400,E-mini S&P Midcap 400 Futures,100.0,USD,Equity,2.25,0.0,0,US,True
SP500,US equity index S&P500,50.0,USD,Equity,2.25,0.0,0,US,False
SP500_micro,S&P 500 micro,5.0,USD,Equity,0.62,0.0,0,US,True
SP500_mini,E-mini S&P 500 ESG,500.0,USD,Equity,0.0,0.0,0,US,False
SP500-GROWTH,S&P 500 / Citigroup Growth Index,250.0,USD,Equity,0.85,0.0,0,US,False
SP500-VALUE,S&P 500 / Citigroup Value Index,250.0,USD,Equity,0.0,0.0,0,US,False
SP600-SMALL,E-Mini S&P SmallCap 600 Futures,100.0,USD,Equity,0.85,0.0,0,US,False
SPI200,ASX SPI200 Index,25.0,AUD,Equity,5.0,0.0,0,ASIA,False
SS-AIA-GROUP,AIA GROUP LTD (SEHK),1000.0,HKD,SingleStock,0.0,0.0,0,ASIA,False
SS-ALIBABA-HLDS,ALIBABA GROUP HOLDING LTD (SEHK),500.0,HKD,SingleStock,0.0,0.0,0,ASIA,False
SS-ASML,ASML HOLDING NV (AEB),100.0,EUR,SingleStock,0.0,0.0,0,EMEA,False
SS-ASS-GEN,ASSICURAZIONI GENERALI,1000.0,EUR,SingleStock,0.0,0.0,0,EMEA,False
SS-BAIDU,BAIDU INC-CLASS A (SEHK),150.0,HKD,SingleStock,0.0,0.0,0,ASIA,False
SS-BANK-CHINA,BANK OF CHINA LTD - H (SEHK),1000.0,HKD,SingleStock,0.0,0.0,0,ASIA,False
SS-BOC-HONG-KONG,BOC HONG KONG HOLDINGS LTD (SEHK),500.0,HKD,SingleStock,0.0,0.0,0,ASIA,False
SS-BUDWEISER-BREWING,BUDWEISER BREWING CO APAC LTD (SEHK),1000.0,HKD,SingleStock,0.0,0.0,0,ASIA,False
SS-BYD-CO,BYD CO LTD-H (SEHK),500.0,HKD,SingleStock,0.0,0.0,0,ASIA,False
SS-CHINA-CONSTR-BK,CHINA CONSTRUCTION BANK-H (SEHK),1000.0,HKD,SingleStock,0.0,0.0,0,ASIA,False
SS-CHINA-MERCH-BANK,CHINA MERCHANTS BANK - H (SEHK),500.0,HKD,SingleStock,0.0,0.0,0,ASIA,False
SS-CHINA-MOBILE,CHINA MOBILE LTD (SEHK),500.0,HKD,SingleStock,0.0,0.0,0,ASIA,False
SS-CHINA-UNICOM-HK,CHINA UNICOM HONG KONG LTD (SEHK),2000.0,HKD,SingleStock,0.0,0.0,0,ASIA,False
SS-CITIC-LTD,CITIC LTD (SEHK),1000.0,HKD,SingleStock,0.0,0.0,0,ASIA,False
SS-CK-HUTCHISON,CK HUTCHISON HOLDINGS LTD (SEHK),500.0,HKD,SingleStock,0.0,0.0,0,ASIA,False
SS-CLP-HOLDINGS,CLP HOLDINGS LTD (SEHK),500.0,HKD,SingleStock,0.0,0.0,0,ASIA,False
SS-CNOOC,CNOOC LTD (SEHK),1000.0,HKD,SingleStock,0.0,0.0,0,ASIA,False
SS-DTE,DEUTSCHE TELEKOM AG-REG (IBIS),100.0,EUR,SingleStock,0.0,0.0,0,EMEA,False
SS-ENEL-SPA,ENEL SPA,1000.0,EUR,SingleStock,0.0,0.0,0,EMEA,False
SS-HDFC,HDFC BANK LIMITED,20.0,USD,SingleStock,0.0,0.0,0,ASIA,False
SS-HEINK,HEINEKEN NV,100.0,EUR,SingleStock,0.0,0.0,0,EMEA,False
SS-HIND-UNILV,HINDUSTAN UNILEVER LTD,10.0,USD,SingleStock,0.0,0.0,0,ASIA,False
SS-HK-CHINA-GAS,HONG KONG & CHINA GAS (SEHK),1000.0,HKD,SingleStock,0.0,0.0,0,ASIA,False
SS-HK-EXCH-CLEAR,HONG KONG EXCHANGES & CLEAR (SEHK),100.0,HKD,SingleStock,0.0,0.0,0,ASIA,False
SS-HOUS-DEV-FIN,HOUSING DEVELOPMENT FINANCE,10.0,USD,SingleStock,0.0,0.0,0,ASIA,False
SS-HSBC-HLDS,HSBC HOLDINGS PLC (SEHK),400.0,HKD,SingleStock,0.0,0.0,0,ASIA,False
SS-IBERDROLA,IBERDROLA SA.,100.0,EUR,SingleStock,0.0,0.0,0,EMEA,False
SS-IND-COMM-BK-OF-CHINA,IND & COMM BK OF CHINA - H (SEHK),1000.0,HKD,SingleStock,0.0,0.0,0,ASIA,False
SS-IND-DIS-TEXT,INDUSTRIA DE DISENO TEXTIL,103.0,EUR,SingleStock,0.0,0.0,0,EMEA,False
SS-INFOSYS,INFOSYS LTD,20.0,USD,SingleStock,0.0,0.0,0,ASIA,False
SS-JD-COM,JD.COM INC -CL A (SEHK),500.0,HKD,SingleStock,0.0,0.0,0,ASIA,False
SS-KOTAK-BANK,KOTAK MAHINDRA BANK LTD,10.0,USD,SingleStock,0.0,0.0,0,ASIA,False
SS-LOREAL,L'OREAL,100.0,EUR,SingleStock,0.0,0.0,0,EMEA,False
SS-MEITUAN-B,MEITUAN-CLASS B (SEHK),500.0,HKD,SingleStock,0.0,0.0,0,ASIA,False
SS-NETEASE,NETEASE-INC (SEHK),500.0,HKD,SingleStock,0.0,0.0,0,ASIA,False
SS-NONGFU,NONGFU SPRING CO LTD-H (SEHK),1000.0,HKD,SingleStock,0.0,0.0,0,ASIA,False
SS-OVERSEA-CH-BK,OVERSEA-CHINESE BANKING CORP,2000.0,SGD,SingleStock,0.0,0.0,0,ASIA,False
SS-PING-AN-INSURANCE,PING AN INSURANCE GROUP CO-H (SEHK),500.0,HKD,SingleStock,0.0,0.0,0,ASIA,False
SS-POWER-ASSETS-HLDS,POWER ASSETS HOLDINGS LTD (SEHK),500.0,HKD,SingleStock,0.0,0.0,0,ASIA,False
SS-RELIANCE,RELIANCE INDUSTRIES LIMITED,20.0,USD,SingleStock,0.0,0.0,0,ASIA,False
SS-ROCHE,ROCHE HOLDING AG-GENUSSCHEIN,100.0,CHF,SingleStock,0.0,0.0,0,EMEA,False
SS-SING-TEL,SINGAPORE TELECOMMUNICATIONS,5000.0,SGD,SingleStock,0.0,0.0,0,ASIA,False
SS-SUN-HUNG-KAI,SUN HUNG KAI PROPERTIES (SEHK),1000.0,HKD,SingleStock,0.0,0.0,0,ASIA,False
SS-TATA,TATA CONSULTANCY SVCS LTD,10.0,USD,SingleStock,0.0,0.0,0,ASIA,False
SS-TENCENT-HLDS,TENCENT HOLDINGS LTD (SEHK),100.0,HKD,SingleStock,0.0,0.0,0,ASIA,False
SS-THAI-BEV,THAI BEVERAGE PCL,10000.0,SGD,SingleStock,0.0,0.0,0,ASIA,False
SS-TOTAL-ENERGIES,TOTALENERGIES SE,101.7313,EUR,SingleStock,0.0,0.0,0,EMEA,False
SS-UNICREDIT-SPA,UNICREDIT SPA,1000.0,EUR,SingleStock,0.0,0.0,0,EMEA,False
SS-VW,VOLKSWAGEN AG,100.0,EUR,SingleStock,0.0,0.0,0,EMEA,False
SS-WHARF-HLDS,WHARF HOLDINGS LTD (SEHK),1000.0,HKD,SingleStock,0.0,0.0,0,ASIA,False
SS-WUXI-BIOLOGICS,WUXI BIOLOGICS CAYMAN INC (SEHK),500.0,HKD,SingleStock,0.0,0.0,0,ASIA,False
SS-XIAOMI,XIAOMI CORP-CLASS B (SEHK),1000.0,HKD,SingleStock,0.0,0.0,0,ASIA,False
SS-YES-BANK,YES BANK LTD,25.0,USD,SingleStock,0.0,0.0,0,ASIA,False
SS-ZUR-INSR,ZURICH INSURANCE GROUP AG,10.0,CHF,SingleStock,0.0,0.0,0,EMEA,False
STEEL,Hot-Rolled Coil Steel Index,20.0,USD,Metals,6.87,0.0,0,US,True
SUGAR_WHITE,White sugar,50.0,USD,Ags,0.0,0.0,0,EMEA,False
SUGAR11,Sugar #11,1120.0,USD,Ags,2.97,0.0,0,US,False
SUGAR16,Sugar #16,1120.0,USD,Ags,2.97,0.0,0,US,False
SWISSLEAD,Swiss Leader Index (PREIS_INDEX),10.0,CHF,Equity,4.0,0.0,0,EMEA,True
TECDAX,TECDAX,10.0,EUR,Equity,0.0,0.0,0,EMEA,False
TECH60_small,Small Technology 60,100.0,USD,Equity,0.0,0.0,0,US,False
THB,SGX Thai baht in US Dollar Futures,1000.0,USD,FX,3.0,0.0,0,ASIA,False
TIN_LME,Tin - LME,5.0,USD,Metals,0.0,0.0,0,EMEA,False
TOPIX,Japan Mini Topix,1000.0,JPY,Equity,50.0,0.0,0,ASIA,True
TOPIX_Large,TOPIX full size,10000.0,JPY,Equity,0.0,0.0,0,ASIA,False
TOPIX30,Topix Core30,1000.0,JPY,Equity,50.0,0.0,0,ASIA,False
TSE60,S&P Canada 60 Index Futures (Old TSE60),200.0,CAD,Equity,0.0,0.0,0,US,False
TSX,Canadian equity index TSX composite,5.0,CAD,Equity,0.0,0.0,0,US,False
TWD,SGX Taiwan Dollar in US Dollar Futures (Full-Sized),3000.0,USD,FX,2.1,0.0,0,ASIA,True
TWD-mini,SGX Taiwan Dollar in US Dollar Futures (Mini),100000.0,USD,FX,1.75,0.0,0,ASIA,False
UMBS-20,30 Year UMBS 2% Coupon,1000.0,USD,Bond,0.0,0.0,0,US,False
UMBS-25,30 Year UMBS 2.5% Coupon,1000.0,USD,Bond,0.0,0.0,0,US,False
UMBS-30,30 Year UMBS 3% Coupon,1000.0,USD,Bond,0.0,0.0,0,US,False
UMBS-35,30 Year UMBS 3.5% Coupon,1000.0,USD,Bond,0.0,0.0,0,US,False
UMBS-40,30 Year UMBS 4% Coupon,1000.0,USD,Bond,0.0,0.0,0,US,False
UMBS-45,30 Year UMBS 4.5% Coupon,1000.0,USD,Bond,0.0,0.0,0,US,False
UMBS-50,30 Year UMBS 5% Coupon,1000.0,USD,Bond,0.0,0.0,0,US,False
URANIUM,NYMEX Uranium Index,250.0,USD,OilGas,0.85,0.0,0,US,False
US-BIOTECH,S&P Biotechnology Select Industry Index,10.0,USD,Sector,0.0,0.0,0,US,False
US-DISCRETE,Consumer Discretionary Select Sector Index,100.0,USD,Sector,2.2,0.0,0,US,True
US-ENERGY,Energy Select Sector Index,100.0,USD,Sector,1.5,0.0,0,US,True
US-FINANCE,Financial Select Sector Index,250.0,USD,Sector,2.2,0.0,0,US,True
US-HEALTH,Health Care Select Sector Index,100.0,USD,Sector,2.2,0.0,0,US,True
US-INDUSTRY,Industrial Select Sector Index,100.0,USD,Sector,2.2,0.0,0,US,True
US-INSURE,S&P Insurance Select Industry Index,25.0,USD,Sector,0.0,0.0,0,US,False
US-MATERIAL,Materials Select Sector Index,100.0,USD,Sector,1.5,0.0,0,US,True
US-OILGAS,S&P Oil & Gas Exploration & Production Select Industry Index,25.0,USD,Sector,0.0,0.0,0,US,False
US-PROPERTY,Real Estate Select Sector Index,250.0,USD,Sector,1.5,0.0,0,US,True
US-REALESTATE,US Real estate,100.0,USD,Sector,1.5,0.0,0,US,True
US-REGBANK,S&P Regional Banks,50.0,USD,Sector,0.0,0.0,0,US,False
US-RETAIL,S&P Retail Select Industry Index,10.0,USD,Sector,0.0,0.0,0,US,False
US-SEMICONDUCTOR,E-mini PHLX Semiconductor Sector,25.0,USD,Sector,0.0,0.0,0,US,False
US-STAPLES,Consumer Staples Select Sector Index,100.0,USD,Sector,1.5,0.0,0,US,True
US-TECH,Technology Select Sector Index -,100.0,USD,Sector,1.5,0.0,0,US,True
US-UTILS,Utilities Select Sector Index,100.0,USD,Sector,1.5,0.0,0,US,True
US10,US 10 year bond note,1000.0,USD,Bond,1.67,0.0,0,US,True
US10U,Ultra 10-Year US Treasury Note,1000.0,USD,Bond,1.67,0.0,0,US,True
US10Y_micro,10 Year Micro Treasury Yield,1000.0,USD,Bond,0.0,0.0,0,US,False
US10Y_small,Small 10YR US Treasury Yield,100.0,USD,Bond,0.0,0.0,0,US,False
US2,US 2 year bond note,2000.0,USD,Bond,1.51,0.0,0,US,True
US20,US 20 year bond,1000.0,USD,Bond,1.74,0.0,0,US,True
US20-new,Ultra 20-Year U.S. Treasury Bond,1000.0,USD,Bond,0.0,0.0,0,US,False
US2Y_micro,2 Year Micro Treasury Yield,1000.0,USD,Bond,0.0,0.0,0,US,False
US2Y_small,Small 2YR US Treasury Yield,100.0,USD,Bond,0.0,0.0,0,US,False
US3,US 3 year bond note,2000.0,USD,Bond,1.52,0.0,0,US,True
US30,Ultra Treasury Bond,1000.0,USD,Bond,1.82,0.0,0,US,True
US30Y_micro,30 Year Micro Treasury Yield,1000.0,USD,Bond,0.0,0.0,0,US,False
US30Y_small,Small 30YR US Treasury Yield,100.0,USD,Bond,0.0,0.0,0,US,False
US5,US 5 year bond note,1000.0,USD,Bond,1.51,0.0,0,US,True
US5Y_micro,5 Year Micro Treasury Yield,1000.0,USD,Bond,0.0,0.0,0,US,False
USD_small,Small US dollar,100.0,USD,FX,0.0,0.0,0,US,False
USDCAD_micro,USDCAD_micro,10000.0,CAD,FX,0.0,0.0,0,US,False
USDCHF_micro,USDCHF_micro,10000.0,CHF,FX,0.0,0.0,0,US,False
USDCNH-CME,USDCNME on CME,100000.0,CNH,FX,0.0,0.0,0,US,False
USDCNH-HK,USDCNH HK,20000.0,CNH,FX,0.0,0.0,0,ASIA,False
USDCNH-SGX_mini,SGX USD-CNH Futures (Mini),25000.0,CNH,FX,0.0,0.0,0,ASIA,False
USDINR,USDINR,1000.0,INR,FX,0.0,0.0,0,ASIA,False
USDKRW,USDKRW,10000.0,KRW,FX,1500.0,0.0,0,ASIA,False
USDMXP,USDMXP,10000.0,MXP,FX,0.0,0.0,0,US,False
USIRS10,US 10 year swap,1000.0,USD,Bond,1.5,0.0,0,US,False
USIRS10_ICE,"Ten year dollar swapnote, ICE",1000.0,USD,Bond,0.0,0.0,0,EMEA,False
USIRS10ERIS,10-Year Eris Swap Futures,1000.0,USD,Bond,0.85,0.0,0,US,False
USIRS12ERIS,12-Year Eris Swap Futures,1000.0,USD,Bond,0.0,0.0,0,US,False
USIRS15ERIS,15-Year Eris Swap Futures,1000.0,USD,Bond,0.0,0.0,0,US,False
USIRS2,2-Year Deliverable Interest Rate Swap Futures,1000.0,USD,Bond,0.85,0.0,0,US,False
USIRS2_ICE,"Two year dollar swapnote, ICE",1000.0,USD,Bond,0.0,0.0,0,EMEA,False
USIRS20ERIS,20-Year Eris Swap Futures,1000.0,USD,Bond,0.0,0.0,0,US,False
USIRS2ERIS,2-Year Eris Swap Futures,1000.0,USD,Bond,0.85,0.0,0,US,False
USIRS30,30-Year Deliverable Interest Rate Swap Futures,1000.0,USD,Bond,0.85,0.0,0,US,False
USIRS3ERIS,3-Year Eris Swap Futures,1000.0,USD,Bond,0.85,0.0,0,US,False
USIRS4ERIS,4-Year Eris Swap Futures,1000.0,USD,Bond,0.85,0.0,0,US,False
USIRS5,US 5 year swap,1000.0,USD,Bond,1.5,0.0,0,US,False
USIRS5_ICE,"Five year dollar swapnote, ICE",1000.0,USD,Bond,0.0,0.0,0,EMEA,False
USIRS5ERIS,5-Year Eris Swap Futures,1000.0,USD,Bond,0.85,0.0,0,US,False
USIRS5ERIS_SOFR,5-Year Eris SOFR Swap Futures,1000.0,USD,Bond,0.85,0.0,0,US,False
USIRS7ERIS,7-Year Eris Swap Futures,1000.0,USD,Bond,0.85,0.0,0,US,False
V2X,Vol European equity V2X,100.0,EUR,Vol,2.0,0.0,0,EMEA,True
VHANG,Hang Seng Volatility Index,5000.0,HKD,Vol,0.0,0.0,0,ASIA,False
VIX,Vol US equity VIX,1000.0,USD,Vol,2.38,0.0,0,US,True
VIX_mini,Vol US equity VIX mini,100.0,USD,Vol,0.475,0.0,0,US,False
VNKI,Nikkei 225 Volatility Index,10000.0,JPY,Vol,400.0,0.0,0,ASIA,True
VOLQ,NASDAQ-100 Volatility Index,100.0,USD,Vol,0.0,0.0,0,US,False
WATER-CALI,The Nasdaq Veles California Water Index,10.0,USD,Weather,0.0,0.0,0,US,False
WHEAT,Wheat,50.0,USD,Ags,2.97,0.0,0,US,True
WHEAT_ICE,Wheat ICE,100.0,GBP,Ags,0.0,0.0,0,EMEA,False
WHEAT_mini,Wheat mini,10.0,USD,Ags,1.9,0.0,0,US,False
WHEAT-ASX,WHEAT FUTURES,20.0,AUD,Ags,0.0,0.0,0,ASIA,False
WHEY,CME DRY WHEY INDEX,440.0,USD,Ags,2.97,0.0,0,US,True
WTI_small,Small US Crude Oil,100.0,USD,OilGas,2.85,0.0,0,US,False
YENEUR,YENEUR currency,125000.0,JPY,FX,329.4,0.0,0,US,True
YENEUR-ICE,EUR.JPY,125000.0,JPY,FX,0.0,0.0,0,US,False
ZAR,South African Rand,500000.0,USD,FX,2.47,0.0,0,US,True
ZINC_LME,Zinc - LME,25.0,USD,Metals,0.0,0.0,0,EMEA,False
